CustomerID,Age,Gender,Income,LoanAmount,LoanTerm,CreditScore,EmploymentStatus,MaritalStatus,NumberOfDependents,ExistingLoansCount,LoanPurpose,Defaulted
1,56,Male,105680,4040,6,808,Self-employed,Single,4,1,Home,1
2,69,Male,22050,43422,48,625,Unemployed,Single,0,3,Business,1
3,46,Male,129996,27160,48,656,Employed,Married,2,1,Home,0
4,32,Male,53933,18633,6,690,Unemployed,Married,4,2,Car,1
5,60,Female,44951,30344,48,384,Unemployed,Single,2,0,Education,1
6,25,Female,52413,18014,6,616,Employed,Divorced,5,1,Home,0
7,38,Male,54801,15996,36,511,Self-employed,Married,4,4,Personal,1
8,56,Female,75619,42621,24,814,Employed,Married,3,5,Education,0
9,75,Male,52913,12695,6,683,Unemployed,Divorced,4,5,Personal,1
10,36,Female,132573,3852,12,641,Unemployed,Divorced,1,5,Personal,0
11,40,Male,139076,17014,6,337,Self-employed,Single,0,2,Personal,1
12,28,Female,60600,28042,48,810,Employed,Divorced,3,4,Home,0
13,28,Female,77775,34755,36,719,Unemployed,Single,3,2,Business,0
14,41,Male,110816,41390,60,468,Unemployed,Divorced,1,1,Education,1
15,70,Female,149972,24711,36,642,Unemployed,Married,4,0,Car,1
16,53,Male,110093,27122,60,605,Self-employed,Single,0,5,Business,1
17,57,Male,132590,10160,6,841,Unemployed,Single,3,4,Home,1
18,41,Male,55400,28213,24,836,Unemployed,Single,0,5,Personal,1
19,20,Male,24494,40420,12,411,Employed,Divorced,3,2,Car,1
20,39,Female,100688,8421,36,710,Employed,Married,4,3,Education,0
21,70,Female,142744,22400,48,505,Unemployed,Single,5,1,Business,1
22,19,Female,109431,34537,60,484,Unemployed,Single,3,0,Business,1
23,41,Male,94691,18727,48,681,Employed,Single,5,1,Car,0
24,61,Female,117419,47882,24,795,Self-employed,Single,3,3,Home,0
25,47,Male,128730,5358,60,678,Self-employed,Married,2,0,Education,0
26,55,Female,63001,29482,36,346,Self-employed,Divorced,4,3,Car,1
27,19,Female,87364,33117,6,850,Self-employed,Married,1,1,Personal,0
28,38,Female,144988,24164,48,827,Self-employed,Single,5,2,Education,0
29,50,Male,65028,32910,24,803,Self-employed,Married,1,1,Business,0
30,29,Female,127434,33496,36,321,Self-employed,Single,4,1,Car,1
31,75,Female,117659,45311,36,512,Self-employed,Divorced,1,1,Business,1
32,39,Male,57573,30371,36,609,Employed,Divorced,4,4,Business,1
33,61,Female,20806,39467,36,571,Self-employed,Divorced,1,3,Business,1
34,42,Male,144343,18625,60,501,Self-employed,Single,5,3,Home,0
35,66,Female,76638,34893,36,331,Self-employed,Married,2,5,Business,1
36,44,Male,148301,11793,48,742,Unemployed,Divorced,1,3,Personal,1
37,59,Male,146295,32007,24,461,Employed,Single,5,5,Personal,1
38,45,Female,126506,26766,60,553,Employed,Single,3,4,Education,1
39,33,Male,49757,40532,36,820,Employed,Married,4,2,Business,1
40,32,Male,54636,13323,12,779,Self-employed,Divorced,0,5,Business,1
41,64,Male,100097,46799,12,309,Self-employed,Single,0,1,Car,1
42,68,Male,68280,47820,24,804,Unemployed,Married,4,2,Home,1
43,61,Male,44262,46408,6,735,Employed,Divorced,2,4,Education,1
44,72,Male,100435,8843,6,410,Self-employed,Married,1,3,Business,1
45,69,Female,82211,15210,60,452,Employed,Married,2,5,Car,1
46,74,Male,74842,17456,60,401,Unemployed,Single,0,1,Home,1
47,20,Male,148583,32367,60,490,Unemployed,Single,5,0,Education,1
48,54,Female,76979,11106,6,380,Unemployed,Single,4,0,Education,1
49,68,Female,134524,38957,12,788,Employed,Married,4,2,Business,1
50,24,Female,101470,3472,6,387,Self-employed,Single,2,3,Education,1
51,38,Female,58197,7704,48,493,Self-employed,Married,5,0,Car,0
52,26,Female,61844,4713,36,403,Unemployed,Married,2,2,Education,1
53,56,Female,84754,6051,60,395,Self-employed,Single,1,4,Personal,0
54,35,Female,121868,11756,12,722,Unemployed,Divorced,3,2,Car,1
55,21,Male,54157,3475,24,497,Employed,Divorced,5,2,Home,1
56,42,Male,97129,37378,24,300,Unemployed,Divorced,3,2,Home,1
57,31,Female,60042,5255,36,706,Employed,Married,1,1,Business,0
58,67,Male,81665,15484,12,677,Unemployed,Married,3,2,Business,1
59,75,Male,135512,35503,6,466,Self-employed,Married,0,5,Personal,1
60,26,Male,136953,9258,6,808,Self-employed,Single,3,2,Home,0
61,43,Female,102856,41747,48,612,Unemployed,Married,1,1,Home,1
62,70,Female,47376,36196,48,717,Self-employed,Single,3,1,Home,1
63,19,Male,129049,46113,6,776,Self-employed,Single,4,4,Home,0
64,37,Female,75554,41194,24,372,Self-employed,Divorced,2,3,Education,1
65,45,Male,34199,9533,60,440,Employed,Divorced,0,0,Car,1
66,64,Male,138533,33581,24,561,Self-employed,Divorced,4,0,Car,1
67,24,Male,101412,6249,48,639,Employed,Single,4,2,Personal,0
68,61,Male,70948,20201,36,607,Unemployed,Single,1,4,Education,1
69,25,Female,93781,10686,6,544,Self-employed,Single,2,2,Home,1
70,64,Female,92750,47877,48,814,Self-employed,Married,2,0,Home,1
71,52,Female,86262,33007,48,636,Self-employed,Single,5,1,Business,1
72,31,Male,137424,1661,60,375,Unemployed,Divorced,0,3,Business,1
73,34,Female,66600,45843,6,474,Employed,Divorced,1,4,Personal,1
74,53,Male,96898,31137,60,408,Employed,Single,0,1,Home,1
75,67,Female,82483,48556,6,482,Self-employed,Single,5,3,Personal,1
76,57,Male,38297,43828,60,491,Unemployed,Divorced,3,4,Education,1
77,21,Male,50448,49604,24,364,Unemployed,Single,4,4,Car,1
78,19,Male,46172,11526,36,773,Unemployed,Divorced,0,0,Home,0
79,23,Female,62874,4374,36,399,Unemployed,Married,4,1,Education,1
80,71,Female,27657,26592,6,843,Unemployed,Divorced,1,4,Home,1
81,59,Female,104386,29982,12,427,Employed,Married,3,5,Business,1
82,21,Female,145617,1207,48,751,Employed,Single,1,4,Personal,0
83,71,Male,45425,36433,48,668,Employed,Single,3,3,Business,1
84,46,Female,46685,24197,6,342,Self-employed,Married,3,0,Car,1
85,35,Female,142000,34400,60,718,Unemployed,Single,4,2,Business,1
86,43,Male,132855,4083,12,787,Self-employed,Married,1,0,Home,0
87,61,Male,44578,30328,24,377,Unemployed,Single,1,2,Business,1
88,51,Male,48831,47479,60,569,Employed,Divorced,0,1,Home,1
89,27,Female,27906,43891,60,614,Self-employed,Single,1,1,Car,1
90,53,Male,81413,21103,6,467,Employed,Divorced,0,4,Business,1
91,31,Male,74028,40891,6,638,Unemployed,Divorced,2,5,Personal,1
92,48,Male,27287,11754,48,492,Unemployed,Married,2,1,Personal,1
93,65,Female,53660,35447,6,752,Unemployed,Single,2,4,Personal,1
94,32,Male,95758,16901,6,582,Employed,Married,5,0,Business,0
95,25,Female,80504,34004,6,635,Unemployed,Single,1,1,Business,1
96,31,Female,79720,8446,48,689,Employed,Divorced,5,0,Business,1
97,40,Male,122979,38211,24,824,Self-employed,Divorced,1,0,Home,1
98,74,Male,54701,49231,24,539,Unemployed,Single,0,5,Car,1
99,57,Female,103300,30301,6,782,Unemployed,Single,5,1,Personal,1
100,38,Male,130177,27116,48,757,Unemployed,Married,5,0,Home,1
101,33,Male,37674,42323,24,388,Self-employed,Single,5,5,Personal,1
102,62,Female,103560,19752,60,394,Unemployed,Single,3,5,Home,1
103,35,Female,131543,33376,24,751,Employed,Single,0,1,Business,0
104,64,Male,43874,17669,24,727,Employed,Married,2,5,Personal,0
105,70,Female,63642,33916,48,450,Unemployed,Single,0,1,Business,1
106,41,Male,143867,14395,60,813,Unemployed,Divorced,3,1,Personal,0
107,43,Male,117820,21421,48,675,Self-employed,Married,1,2,Education,0
108,42,Male,85160,27342,6,321,Self-employed,Married,0,0,Home,1
109,62,Female,37602,5895,36,612,Self-employed,Divorced,5,3,Education,0
110,58,Male,123320,12023,24,818,Unemployed,Divorced,2,1,Home,1
111,46,Male,108801,11699,36,505,Self-employed,Divorced,2,0,Car,1
112,32,Male,45931,10715,48,674,Self-employed,Single,1,5,Personal,1
113,62,Female,114377,20169,48,750,Employed,Divorced,0,4,Car,1
114,18,Female,49192,17163,48,478,Self-employed,Single,3,1,Car,1
115,42,Female,66542,6782,36,509,Employed,Married,1,5,Home,1
116,24,Female,147015,23641,48,799,Employed,Married,0,5,Education,0
117,26,Female,62520,19792,6,763,Self-employed,Divorced,4,5,Business,0
118,41,Male,84772,36585,48,423,Employed,Single,2,5,Home,1
119,18,Female,78762,31682,12,412,Unemployed,Divorced,3,5,Business,1
120,61,Female,70106,48864,36,311,Unemployed,Divorced,5,1,Car,1
121,25,Female,101121,19880,12,425,Self-employed,Single,3,3,Business,1
122,41,Male,45559,39067,48,630,Unemployed,Divorced,5,2,Education,1
123,28,Female,125595,43685,6,582,Employed,Married,3,5,Home,1
124,68,Female,53742,19073,24,439,Unemployed,Divorced,2,5,Education,1
125,34,Male,89669,37035,60,700,Self-employed,Single,5,2,Education,1
126,25,Female,100199,38174,60,396,Self-employed,Single,0,1,Home,1
127,52,Male,41754,25837,48,816,Employed,Married,5,0,Education,0
128,52,Male,23972,18826,6,368,Self-employed,Single,1,4,Personal,1
129,50,Male,90831,25981,36,417,Unemployed,Single,0,4,Personal,1
130,22,Male,132217,11382,12,358,Self-employed,Married,1,0,Personal,1
131,59,Male,61873,5437,12,332,Employed,Divorced,3,1,Business,1
132,56,Female,114661,6435,12,617,Self-employed,Married,0,4,Education,1
133,75,Male,126532,25819,36,349,Unemployed,Divorced,3,2,Home,1
134,58,Male,146267,37875,60,788,Employed,Married,4,0,Home,0
135,45,Female,29903,32982,6,318,Unemployed,Divorced,3,3,Business,1
136,24,Male,23020,34328,36,496,Employed,Married,3,1,Home,1
137,26,Female,61755,13329,12,749,Self-employed,Divorced,1,0,Personal,0
138,25,Female,105956,26169,48,751,Employed,Married,5,4,Education,0
139,29,Female,106988,22932,24,588,Employed,Divorced,4,1,Home,1
140,51,Male,65648,35594,36,440,Self-employed,Married,3,2,Home,1
141,50,Male,123537,12421,36,383,Unemployed,Single,3,1,Car,1
142,65,Male,145991,46033,6,690,Self-employed,Divorced,4,1,Car,1
143,72,Female,29516,8629,6,514,Employed,Married,4,2,Car,0
144,40,Male,132863,9325,36,825,Self-employed,Divorced,0,5,Education,1
145,41,Male,135005,29495,12,514,Employed,Divorced,1,2,Personal,1
146,54,Male,22396,32750,24,702,Self-employed,Married,4,1,Personal,0
147,52,Female,104082,30619,6,427,Self-employed,Divorced,4,2,Personal,1
148,61,Female,39129,41461,12,776,Unemployed,Married,2,5,Education,1
149,57,Male,148322,9264,48,703,Employed,Single,5,0,Education,1
150,39,Male,21591,13686,6,328,Unemployed,Divorced,4,2,Car,1
151,44,Male,31303,47484,12,637,Employed,Single,1,2,Home,0
152,52,Male,50561,25226,12,660,Self-employed,Divorced,5,1,Business,1
153,18,Female,91719,7721,24,691,Employed,Divorced,5,0,Business,0
154,52,Female,138618,21609,24,517,Unemployed,Divorced,3,3,Home,1
155,54,Female,112108,8373,48,501,Unemployed,Married,3,3,Car,1
156,64,Female,148748,39675,12,316,Unemployed,Single,3,4,Home,1
157,31,Male,119616,49895,60,621,Employed,Divorced,3,2,Home,1
158,20,Male,144165,29937,12,817,Unemployed,Married,2,2,Business,0
159,18,Male,106231,6656,24,624,Unemployed,Divorced,4,0,Car,0
160,22,Female,27314,9984,60,711,Unemployed,Married,3,5,Education,0
161,43,Male,137071,30984,6,617,Self-employed,Divorced,0,3,Business,0
162,72,Female,39623,9286,6,381,Self-employed,Single,3,4,Education,1
163,31,Female,87675,6901,36,773,Employed,Single,4,0,Car,1
164,56,Male,132992,32552,24,767,Employed,Divorced,3,2,Home,0
165,44,Male,116826,26709,36,724,Unemployed,Married,2,3,Personal,0
166,26,Male,85082,32055,60,503,Self-employed,Divorced,1,4,Personal,1
167,32,Female,149839,38685,24,686,Unemployed,Married,1,1,Car,1
168,32,Male,103624,9429,48,397,Unemployed,Divorced,4,3,Personal,1
169,43,Female,125228,15716,12,644,Self-employed,Married,1,4,Education,1
170,59,Male,53130,49563,48,507,Self-employed,Single,1,0,Personal,1
171,30,Female,71756,12138,60,813,Self-employed,Divorced,0,1,Car,1
172,68,Female,117624,36298,24,465,Employed,Single,4,4,Car,1
173,49,Male,46292,24429,60,321,Employed,Single,4,4,Education,1
174,56,Female,131785,6772,12,453,Unemployed,Divorced,1,2,Personal,1
175,66,Female,147331,49244,6,738,Employed,Divorced,1,5,Personal,0
176,69,Male,106206,49519,6,594,Self-employed,Married,1,3,Home,1
177,49,Female,89274,36732,60,518,Self-employed,Married,5,2,Business,1
178,21,Male,22469,40905,36,794,Employed,Single,2,1,Car,1
179,47,Female,73947,18347,24,529,Unemployed,Married,3,5,Home,1
180,54,Male,42534,17920,24,319,Unemployed,Married,2,4,Car,1
181,40,Male,83620,32822,6,447,Employed,Divorced,4,2,Home,1
182,56,Female,68874,47659,48,407,Unemployed,Married,0,5,Business,1
183,62,Female,69708,41108,12,702,Unemployed,Single,3,3,Home,1
184,32,Female,94553,24563,48,782,Unemployed,Married,0,1,Car,1
185,60,Female,88344,8967,48,666,Self-employed,Single,5,0,Personal,0
186,46,Female,69138,46183,60,713,Self-employed,Divorced,4,2,Car,1
187,53,Male,74302,12871,6,608,Employed,Single,5,1,Education,1
188,30,Female,67638,29763,6,433,Self-employed,Married,4,0,Education,1
189,49,Male,98249,12916,6,582,Unemployed,Divorced,0,2,Education,1
190,24,Male,125865,9734,60,372,Self-employed,Married,0,1,Education,1
191,68,Female,22719,34613,36,780,Employed,Divorced,0,1,Business,0
192,39,Male,42890,29179,48,651,Self-employed,Divorced,4,5,Personal,1
193,45,Male,97236,36262,60,625,Unemployed,Married,1,2,Personal,1
194,19,Male,56509,13677,24,742,Unemployed,Married,0,1,Car,1
195,59,Male,62534,19268,12,399,Employed,Divorced,5,4,Home,1
196,62,Female,122302,13330,36,358,Self-employed,Divorced,3,2,Car,1
197,74,Male,112241,21733,24,807,Self-employed,Married,4,1,Car,0
198,70,Female,38787,38947,48,557,Self-employed,Single,5,5,Car,1
199,23,Female,146209,28286,6,712,Unemployed,Married,2,0,Car,1
200,45,Male,68845,7610,48,751,Employed,Divorced,2,0,Personal,1
201,45,Female,77932,7430,60,364,Self-employed,Married,3,4,Home,1
202,61,Female,112124,40922,12,453,Unemployed,Single,1,2,Car,1
203,61,Female,111659,14828,60,565,Unemployed,Married,0,5,Personal,1
204,37,Male,53062,43913,36,378,Unemployed,Divorced,4,1,Car,1
205,47,Female,95713,32497,36,614,Self-employed,Married,5,1,Education,0
206,28,Female,107263,40256,12,547,Self-employed,Divorced,0,0,Car,1
207,75,Female,115756,37618,24,713,Self-employed,Divorced,5,5,Car,1
208,72,Male,80461,47332,24,324,Self-employed,Married,4,4,Business,1
209,45,Female,95418,27526,36,583,Self-employed,Divorced,2,0,Education,1
210,42,Male,86672,31158,36,748,Self-employed,Divorced,0,0,Home,0
211,56,Male,148232,26032,6,600,Self-employed,Single,3,4,Car,1
212,50,Male,54832,38846,24,367,Self-employed,Single,1,2,Home,1
213,18,Male,147335,45936,12,306,Self-employed,Single,3,1,Education,1
214,74,Male,51966,30794,24,436,Unemployed,Single,1,2,Car,1
215,44,Male,92545,6448,6,463,Self-employed,Divorced,5,5,Business,1
216,74,Female,32987,29861,60,382,Employed,Married,0,3,Personal,1
217,69,Male,57311,29141,36,719,Unemployed,Divorced,0,3,Business,1
218,30,Female,51575,10074,36,372,Self-employed,Divorced,1,3,Business,1
219,58,Female,83852,7406,6,536,Employed,Divorced,2,4,Personal,1
220,20,Male,147650,32823,12,345,Self-employed,Married,4,0,Personal,1
221,56,Female,21007,24291,36,561,Employed,Single,3,2,Personal,1
222,23,Female,90981,42568,48,475,Employed,Divorced,5,1,Car,1
223,25,Female,96242,33003,36,465,Employed,Divorced,3,3,Home,1
224,44,Female,67517,47851,48,669,Employed,Single,3,2,Home,1
225,26,Male,130022,35406,6,353,Unemployed,Divorced,5,3,Personal,1
226,54,Female,49257,24312,6,718,Unemployed,Married,5,3,Business,1
227,50,Male,107272,44108,36,806,Employed,Divorced,0,1,Education,1
228,68,Female,62207,2382,24,640,Self-employed,Divorced,3,5,Personal,0
229,59,Female,33281,35171,48,426,Employed,Single,4,5,Business,1
230,61,Male,81246,42779,12,708,Unemployed,Divorced,4,5,Business,1
231,41,Female,21435,4292,36,666,Self-employed,Divorced,1,4,Car,1
232,32,Female,118875,42779,12,570,Unemployed,Married,5,0,Car,1
233,71,Female,120686,34187,36,678,Unemployed,Single,0,4,Home,1
234,49,Male,111357,13411,24,372,Self-employed,Single,4,2,Home,1
235,49,Female,46660,38285,24,547,Employed,Married,2,4,Education,1
236,41,Male,25084,16422,24,342,Employed,Divorced,0,2,Education,1
237,58,Female,102197,43468,60,676,Employed,Single,0,2,Education,0
238,69,Male,33507,33371,24,340,Employed,Single,4,0,Education,1
239,66,Male,92595,6693,6,469,Self-employed,Divorced,2,1,Business,0
240,66,Female,103807,34535,6,511,Self-employed,Divorced,1,0,Business,1
241,75,Female,65539,15818,60,792,Self-employed,Single,4,5,Home,0
242,69,Male,135953,32238,48,338,Unemployed,Divorced,2,5,Car,1
243,29,Male,27491,31874,12,668,Self-employed,Single,0,4,Car,1
244,56,Female,147706,27715,36,450,Employed,Divorced,2,2,Personal,1
245,19,Male,132831,28605,36,410,Unemployed,Divorced,0,3,Business,1
246,20,Female,70192,35317,60,779,Employed,Married,4,3,Education,1
247,66,Female,100395,32174,6,735,Employed,Divorced,5,2,Education,0
248,54,Female,143797,10956,36,346,Self-employed,Married,4,0,Personal,1
249,66,Female,83888,39908,6,665,Self-employed,Divorced,3,1,Car,1
250,73,Male,93609,11837,48,368,Employed,Single,3,0,Education,1
251,34,Female,29077,4716,12,598,Employed,Single,3,2,Car,1
252,66,Male,137440,5481,48,595,Unemployed,Divorced,4,2,Personal,1
253,19,Female,142901,25282,60,502,Self-employed,Divorced,1,1,Car,0
254,19,Male,40953,7548,24,360,Unemployed,Single,4,4,Car,1
255,45,Female,96919,38605,24,613,Unemployed,Divorced,5,4,Car,1
256,71,Male,134682,8758,24,460,Unemployed,Married,2,1,Education,1
257,40,Male,141041,44668,48,630,Employed,Married,4,4,Home,1
258,54,Female,87889,24177,36,827,Unemployed,Married,4,3,Business,0
259,49,Female,43821,25022,12,637,Unemployed,Married,0,4,Car,1
260,50,Female,57567,41761,24,603,Employed,Married,0,4,Car,1
261,18,Female,135374,6542,60,802,Self-employed,Divorced,0,4,Car,0
262,36,Male,44860,26476,60,637,Self-employed,Divorced,4,3,Home,0
263,19,Female,41195,31784,24,849,Unemployed,Married,1,4,Personal,1
264,70,Male,97475,23740,24,574,Employed,Divorced,2,5,Education,1
265,61,Male,110874,25817,12,463,Self-employed,Divorced,2,3,Home,1
266,43,Female,107266,48596,24,742,Unemployed,Married,5,1,Car,1
267,49,Male,41427,17052,12,618,Unemployed,Divorced,1,0,Home,0
268,23,Male,120732,36153,60,803,Employed,Divorced,1,1,Home,0
269,49,Male,47083,48076,24,686,Unemployed,Divorced,2,0,Home,1
270,72,Male,107046,1671,48,793,Self-employed,Married,3,1,Personal,0
271,21,Female,77372,1163,48,789,Employed,Divorced,0,5,Business,0
272,72,Female,143786,42424,60,372,Self-employed,Single,0,0,Education,1
273,28,Female,64064,45002,12,808,Self-employed,Single,2,0,Personal,0
274,73,Female,27813,5795,48,689,Self-employed,Married,1,2,Personal,1
275,34,Male,51598,11634,12,594,Unemployed,Single,5,0,Business,1
276,55,Male,132718,5798,48,668,Unemployed,Married,3,0,Personal,1
277,41,Female,146879,23420,48,848,Self-employed,Single,2,2,Home,0
278,22,Female,113106,30300,12,486,Self-employed,Single,0,4,Home,1
279,69,Female,47082,25345,36,744,Employed,Single,4,4,Car,0
280,51,Male,49241,11749,48,662,Employed,Married,1,2,Personal,0
281,23,Female,116214,39595,24,422,Unemployed,Married,4,3,Car,1
282,39,Female,64569,26121,60,487,Unemployed,Divorced,5,0,Education,1
283,28,Female,31745,38487,36,719,Employed,Married,2,0,Home,1
284,65,Male,46029,29411,12,551,Self-employed,Single,0,2,Education,1
285,33,Male,33025,34361,36,848,Unemployed,Single,3,2,Business,0
286,50,Male,121660,22223,6,634,Self-employed,Married,4,3,Home,0
287,26,Male,143395,8394,6,391,Employed,Married,3,5,Education,1
288,23,Male,34288,15056,48,829,Unemployed,Married,5,4,Business,1
289,33,Male,109186,29380,48,362,Unemployed,Divorced,0,1,Education,1
290,46,Male,26540,27035,24,811,Employed,Single,4,5,Business,0
291,20,Male,117768,31620,60,438,Unemployed,Divorced,5,4,Business,1
292,37,Female,101958,20877,36,484,Employed,Divorced,3,0,Home,1
293,53,Female,88878,44404,6,504,Unemployed,Single,3,5,Car,1
294,36,Male,61846,31911,48,513,Employed,Single,4,2,Business,1
295,43,Male,121148,33784,60,555,Unemployed,Married,0,3,Business,1
296,20,Female,95932,4191,36,434,Self-employed,Married,3,4,Home,1
297,36,Male,37482,34160,48,387,Self-employed,Divorced,2,3,Car,1
298,37,Male,43411,26000,48,506,Self-employed,Married,5,4,Personal,1
299,49,Male,70975,40040,6,428,Unemployed,Married,4,5,Personal,1
300,24,Female,80545,4631,6,302,Unemployed,Single,1,0,Car,1
301,69,Female,132302,7172,48,420,Self-employed,Single,1,1,Education,1
302,58,Female,98797,43080,12,684,Self-employed,Married,0,3,Home,0
303,50,Female,72307,24561,48,337,Employed,Single,2,3,Car,1
304,57,Female,23093,25817,60,640,Employed,Married,3,1,Personal,1
305,56,Male,97258,21281,48,320,Employed,Single,1,3,Business,1
306,35,Female,42042,29671,24,541,Self-employed,Single,0,3,Personal,1
307,57,Male,72930,26364,24,754,Self-employed,Single,5,4,Business,1
308,18,Male,137584,42674,24,602,Self-employed,Single,2,4,Home,0
309,28,Female,64413,28425,12,368,Employed,Married,2,1,Business,1
310,45,Female,133387,29602,12,428,Unemployed,Divorced,0,0,Car,1
311,74,Male,113623,24253,48,495,Self-employed,Single,0,5,Business,1
312,42,Male,117883,24472,24,439,Unemployed,Married,3,5,Education,1
313,67,Male,53756,9080,12,743,Unemployed,Married,0,3,Car,0
314,40,Female,73268,8099,6,582,Unemployed,Single,3,0,Home,1
315,48,Female,59214,26431,48,611,Employed,Divorced,3,1,Car,1
316,47,Female,101871,32186,60,834,Unemployed,Single,4,1,Education,0
317,59,Female,147844,48684,36,576,Self-employed,Married,2,4,Home,1
318,52,Female,48602,31111,48,360,Employed,Divorced,5,3,Personal,1
319,24,Male,73331,40851,36,618,Self-employed,Married,2,2,Education,0
320,33,Female,68901,23614,24,351,Self-employed,Single,2,1,Home,1
321,43,Male,119986,27724,36,452,Employed,Divorced,4,3,Business,1
322,65,Male,83416,42991,24,610,Self-employed,Married,3,0,Car,0
323,74,Male,52196,5940,6,843,Self-employed,Married,3,4,Home,1
324,69,Female,148386,29758,36,688,Employed,Married,0,5,Car,1
325,66,Female,25626,37224,48,847,Self-employed,Single,4,0,Business,0
326,19,Female,27424,8788,24,476,Unemployed,Divorced,0,1,Home,1
327,18,Male,32857,29082,48,661,Self-employed,Single,4,1,Personal,0
328,65,Male,130459,25034,12,613,Unemployed,Single,0,0,Education,1
329,29,Male,135621,36479,24,396,Self-employed,Single,1,1,Home,1
330,22,Male,39982,12280,36,512,Employed,Divorced,2,3,Business,1
331,54,Male,96961,19052,24,436,Employed,Single,2,1,Home,1
332,49,Male,21980,17531,48,305,Self-employed,Single,5,4,Car,1
333,72,Female,68290,23804,6,408,Employed,Single,3,3,Home,1
334,26,Female,46431,29903,24,846,Self-employed,Single,5,2,Personal,0
335,58,Female,104976,45857,36,338,Employed,Married,1,1,Home,1
336,52,Female,127288,11142,12,724,Unemployed,Single,5,1,Education,1
337,36,Male,102711,49355,60,560,Self-employed,Married,2,4,Home,1
338,65,Male,134187,10866,6,725,Unemployed,Single,3,4,Car,1
339,33,Female,46385,5531,12,386,Unemployed,Divorced,1,5,Home,1
340,20,Male,58158,46454,24,764,Self-employed,Married,2,0,Personal,0
341,37,Female,43019,39098,48,375,Unemployed,Married,0,0,Business,1
342,41,Female,38639,39278,48,770,Self-employed,Married,4,0,Home,0
343,71,Female,105530,29138,36,713,Unemployed,Married,1,4,Home,1
344,73,Male,119911,28065,48,756,Self-employed,Divorced,3,0,Education,0
345,50,Female,41563,30956,6,584,Self-employed,Single,5,0,Personal,1
346,41,Female,59341,42732,48,538,Employed,Married,5,2,Business,1
347,69,Female,135672,40261,36,671,Self-employed,Divorced,1,0,Car,0
348,28,Male,25776,11759,60,794,Self-employed,Married,3,1,Home,1
349,66,Male,56444,6439,24,344,Unemployed,Single,1,5,Business,1
350,25,Female,88916,48241,24,700,Self-employed,Married,3,4,Car,0
351,53,Male,28711,43533,48,546,Employed,Divorced,5,3,Personal,1
352,55,Male,94318,29270,12,749,Unemployed,Single,2,5,Personal,1
353,57,Male,102970,14279,24,784,Unemployed,Divorced,0,2,Business,1
354,37,Male,132301,40279,60,317,Employed,Single,2,4,Car,1
355,52,Male,105553,45251,48,588,Unemployed,Single,0,4,Personal,1
356,65,Male,50707,24888,36,713,Unemployed,Single,5,1,Business,1
357,42,Male,59110,18630,60,534,Unemployed,Married,2,5,Personal,1
358,52,Male,149410,36144,48,715,Unemployed,Divorced,2,5,Personal,1
359,42,Male,81788,32182,60,798,Employed,Divorced,1,0,Personal,1
360,46,Male,102879,26538,24,414,Employed,Divorced,4,1,Education,1
361,35,Female,58827,12824,36,533,Unemployed,Single,5,0,Car,1
362,63,Female,127188,33125,48,839,Unemployed,Married,3,0,Business,1
363,35,Male,25655,7979,6,310,Employed,Single,5,4,Business,1
364,19,Female,64859,27189,36,505,Employed,Divorced,3,5,Car,1
365,71,Female,73625,43600,6,546,Employed,Married,3,0,Car,1
366,52,Male,72098,13504,60,426,Unemployed,Married,0,2,Car,1
367,33,Male,35251,21669,12,446,Unemployed,Married,3,2,Car,1
368,58,Male,142413,7910,36,417,Self-employed,Divorced,3,5,Home,1
369,53,Female,20526,47857,60,681,Employed,Married,1,2,Business,0
370,50,Female,88760,35964,6,711,Unemployed,Married,2,4,Home,1
371,21,Male,67837,21131,24,662,Employed,Single,5,1,Personal,0
372,50,Male,145133,26227,24,808,Unemployed,Single,5,3,Personal,0
373,31,Male,149478,6978,12,436,Employed,Married,3,0,Business,1
374,38,Female,31536,22991,36,474,Unemployed,Married,4,3,Personal,1
375,65,Female,48541,18153,36,588,Self-employed,Single,5,1,Car,0
376,37,Female,99083,34548,36,780,Self-employed,Single,3,1,Home,1
377,73,Female,71027,43676,60,318,Employed,Single,0,4,Car,1
378,25,Male,54531,40071,12,494,Unemployed,Divorced,0,2,Personal,1
379,24,Male,28712,48454,36,629,Unemployed,Divorced,0,2,Home,1
380,20,Male,124101,4983,60,474,Employed,Single,3,1,Car,1
381,34,Male,85455,10503,24,748,Unemployed,Married,1,4,Business,0
382,50,Female,94744,30921,6,653,Employed,Single,4,4,Car,0
383,65,Female,141787,17905,60,798,Unemployed,Divorced,3,5,Personal,1
384,29,Male,149749,46838,24,440,Employed,Married,1,0,Home,1
385,68,Male,25109,24953,24,392,Unemployed,Divorced,1,2,Business,1
386,39,Female,141332,27806,6,538,Employed,Married,5,1,Home,1
387,72,Male,69268,46000,24,504,Unemployed,Divorced,3,5,Business,1
388,39,Female,120737,23168,12,732,Self-employed,Married,3,3,Home,1
389,63,Male,74615,5583,6,544,Unemployed,Married,1,2,Personal,1
390,47,Male,102503,39714,24,616,Employed,Married,1,0,Business,0
391,55,Male,143274,40896,48,594,Self-employed,Married,1,4,Education,1
392,55,Male,49759,12889,60,581,Unemployed,Divorced,5,1,Home,1
393,62,Male,105708,28413,24,316,Self-employed,Divorced,3,2,Home,1
394,68,Male,80112,13275,12,370,Unemployed,Married,1,3,Car,1
395,71,Male,122471,3461,36,568,Self-employed,Married,0,0,Business,0
396,25,Female,146740,15291,24,624,Employed,Divorced,3,0,Education,1
397,44,Female,143153,47804,36,604,Unemployed,Married,5,5,Personal,1
398,44,Female,46589,12435,48,750,Unemployed,Married,0,2,Car,0
399,51,Female,50015,28935,24,306,Employed,Married,2,3,Education,1
400,38,Female,49009,34453,6,613,Self-employed,Single,3,0,Business,1
401,47,Male,103309,19544,36,402,Employed,Married,2,1,Education,1
402,50,Male,146446,13258,48,492,Employed,Single,1,0,Home,1
403,45,Female,82046,31841,6,828,Self-employed,Married,5,3,Home,1
404,64,Male,126661,49758,6,470,Employed,Divorced,1,4,Car,1
405,50,Female,46143,11736,6,836,Unemployed,Single,5,4,Business,0
406,22,Female,26154,38643,6,550,Unemployed,Single,4,5,Business,1
407,65,Male,41804,44950,24,686,Unemployed,Married,1,2,Education,1
408,36,Male,61688,35964,60,506,Employed,Married,2,3,Car,1
409,21,Male,84288,29044,24,840,Unemployed,Single,5,5,Business,1
410,52,Female,71195,40933,24,715,Unemployed,Divorced,1,0,Home,1
411,66,Male,40581,16997,48,679,Unemployed,Divorced,3,0,Education,0
412,34,Female,72648,15215,48,443,Unemployed,Married,5,4,Personal,1
413,61,Female,50087,34069,60,324,Unemployed,Divorced,5,5,Home,1
414,45,Female,69930,24911,48,372,Unemployed,Divorced,1,4,Car,1
415,47,Male,52981,18030,12,392,Employed,Married,4,1,Business,1
416,46,Male,89298,30334,60,804,Unemployed,Divorced,1,4,Home,1
417,63,Female,66167,15571,48,635,Unemployed,Married,2,1,Personal,1
418,70,Male,95304,43719,60,724,Self-employed,Single,2,0,Personal,1
419,23,Male,63408,29927,24,798,Employed,Married,5,5,Car,1
420,52,Male,59499,21714,24,663,Employed,Single,5,1,Home,0
421,58,Female,145816,44541,60,498,Employed,Single,1,5,Education,1
422,54,Female,72269,24387,12,712,Employed,Divorced,2,5,Home,1
423,41,Male,58559,29444,12,638,Unemployed,Divorced,2,1,Personal,1
424,46,Female,134126,49908,60,728,Unemployed,Divorced,4,2,Car,1
425,66,Male,94319,20921,48,438,Self-employed,Married,3,4,Car,1
426,63,Male,131925,14057,36,841,Self-employed,Divorced,4,1,Education,0
427,70,Male,115317,46268,12,356,Employed,Single,0,0,Car,1
428,48,Male,116347,25858,6,531,Self-employed,Divorced,4,5,Car,1
429,52,Female,68787,49689,24,734,Self-employed,Divorced,1,3,Car,1
430,50,Female,55488,45638,60,683,Employed,Married,3,1,Car,1
431,69,Female,94441,27062,6,493,Employed,Married,1,4,Car,1
432,38,Male,94663,37850,60,833,Self-employed,Single,0,5,Personal,0
433,49,Male,42431,47486,24,817,Unemployed,Married,3,2,Home,1
434,40,Male,81681,21567,24,484,Self-employed,Divorced,5,0,Business,1
435,50,Female,83483,30739,12,591,Self-employed,Married,2,2,Car,1
436,20,Male,142720,44285,12,634,Unemployed,Single,4,3,Business,1
437,35,Female,69153,4754,6,415,Unemployed,Divorced,1,1,Business,1
438,42,Female,26368,28044,60,348,Employed,Single,0,5,Personal,1
439,59,Female,47424,2724,24,381,Employed,Married,2,1,Car,0
440,48,Female,132360,2376,6,632,Self-employed,Married,4,4,Business,1
441,71,Female,65004,9706,36,634,Unemployed,Single,2,1,Car,1
442,75,Female,103869,9894,6,831,Employed,Divorced,4,0,Education,0
443,20,Male,108652,19037,48,520,Self-employed,Married,5,3,Education,1
444,57,Male,132755,19450,6,622,Unemployed,Married,3,2,Education,1
445,63,Female,76985,17406,48,302,Self-employed,Divorced,2,3,Business,1
446,41,Female,70069,30725,48,505,Employed,Married,2,5,Education,0
447,67,Male,72326,6926,48,339,Employed,Single,2,1,Personal,1
448,49,Female,128737,40019,36,358,Unemployed,Married,3,5,Personal,1
449,64,Female,101061,10496,6,806,Self-employed,Married,0,2,Business,1
450,39,Male,43398,37068,6,421,Unemployed,Divorced,4,5,Car,1
451,40,Female,118393,30806,36,778,Employed,Single,5,4,Home,0
452,19,Female,70861,23663,24,395,Employed,Divorced,2,3,Car,1
453,44,Female,95897,42321,12,713,Self-employed,Married,3,2,Car,0
454,59,Male,101905,37495,6,534,Self-employed,Married,0,2,Car,1
455,19,Male,147118,23656,12,361,Self-employed,Divorced,4,2,Car,1
456,43,Male,88577,26860,60,555,Unemployed,Divorced,3,0,Home,1
457,34,Female,85641,17832,60,647,Self-employed,Divorced,5,3,Education,0
458,57,Female,29078,39787,36,423,Self-employed,Single,5,5,Car,1
459,50,Male,45003,49231,60,781,Employed,Married,4,2,Personal,0
460,26,Female,82768,22727,60,616,Employed,Divorced,2,3,Business,1
461,60,Female,71047,43815,24,803,Self-employed,Married,5,2,Business,0
462,71,Female,91626,30545,24,347,Self-employed,Single,0,4,Personal,1
463,65,Female,77660,45522,24,708,Employed,Single,3,4,Car,0
464,56,Female,124386,3520,60,435,Self-employed,Single,0,4,Home,1
465,46,Male,69786,4081,36,500,Unemployed,Single,2,1,Education,1
466,59,Female,21925,35196,48,549,Unemployed,Married,0,2,Business,1
467,72,Male,103976,37735,48,613,Unemployed,Single,0,1,Education,1
468,43,Female,125221,40213,12,667,Self-employed,Single,1,3,Home,1
469,52,Male,137832,15566,48,728,Employed,Divorced,0,1,Business,0
470,67,Female,145150,15042,48,779,Self-employed,Single,4,3,Education,0
471,42,Male,46015,26498,24,613,Self-employed,Divorced,3,3,Home,0
472,41,Female,53320,12329,24,799,Employed,Single,1,3,Education,0
473,30,Male,84881,32656,60,654,Employed,Single,3,5,Car,1
474,75,Female,110827,3159,12,784,Employed,Divorced,3,1,Home,0
475,24,Male,140071,38900,6,510,Unemployed,Single,2,5,Education,1
476,74,Female,122215,20363,12,343,Self-employed,Married,2,2,Car,1
477,53,Male,46289,48701,12,840,Employed,Married,1,1,Car,1
478,62,Male,148859,44241,36,391,Self-employed,Single,5,2,Home,1
479,37,Female,23389,20033,60,564,Unemployed,Married,2,2,Personal,0
480,18,Female,45683,11805,36,519,Unemployed,Divorced,2,3,Business,1
481,25,Male,33629,36851,12,741,Employed,Single,2,1,Home,1
482,63,Female,81550,27832,12,700,Employed,Single,3,2,Car,1
483,33,Male,44826,14944,12,699,Self-employed,Divorced,1,4,Car,0
484,31,Male,120734,20873,48,789,Employed,Divorced,3,2,Home,0
485,29,Male,46630,41372,36,784,Self-employed,Divorced,4,4,Personal,1
486,68,Female,118762,24928,12,769,Employed,Single,3,1,Business,1
487,40,Male,66163,16379,24,744,Self-employed,Divorced,4,5,Education,0
488,32,Male,118511,37751,60,568,Self-employed,Divorced,0,1,Home,0
489,45,Female,86435,35546,60,566,Self-employed,Married,0,5,Business,1
490,51,Female,31653,25286,24,353,Self-employed,Married,4,5,Business,1
491,19,Female,47961,6110,60,827,Unemployed,Single,4,1,Car,1
492,49,Female,101941,13087,48,819,Self-employed,Married,3,2,Education,0
493,40,Male,94137,24762,48,358,Employed,Married,4,0,Home,1
494,39,Male,53662,18081,6,339,Unemployed,Divorced,1,2,Car,1
495,68,Male,118818,35947,6,536,Unemployed,Divorced,0,2,Car,1
496,42,Male,76446,10596,6,685,Self-employed,Married,0,3,Personal,0
497,75,Female,41288,39019,60,599,Unemployed,Married,5,3,Business,1
498,39,Male,142555,43003,48,694,Self-employed,Married,4,2,Home,1
499,75,Male,115081,19313,48,506,Employed,Single,2,4,Home,1
500,75,Female,56877,48639,48,635,Self-employed,Single,2,5,Home,1
501,39,Male,131562,2013,24,813,Unemployed,Single,4,3,Car,1
502,66,Male,35313,24705,48,477,Employed,Married,1,2,Personal,1
503,69,Male,100885,2828,24,695,Self-employed,Married,2,0,Education,0
504,59,Male,92715,8909,6,670,Employed,Single,5,4,Car,1
505,23,Male,30326,39356,6,617,Employed,Single,4,1,Education,1
506,32,Male,130091,14109,60,668,Unemployed,Married,1,2,Personal,0
507,71,Female,145836,3023,6,683,Employed,Divorced,1,2,Business,0
508,60,Female,21560,15537,60,361,Unemployed,Single,3,5,Home,1
509,54,Male,99148,27661,12,804,Employed,Married,1,4,Education,0
510,50,Male,103186,39659,12,538,Self-employed,Married,2,3,Car,1
511,25,Female,46745,34848,36,494,Employed,Divorced,2,3,Education,1
512,70,Male,51890,38804,60,521,Self-employed,Married,4,3,Business,1
513,61,Male,40022,16379,36,360,Self-employed,Married,4,1,Home,1
514,61,Male,143629,28766,36,428,Employed,Single,1,4,Education,1
515,22,Female,72579,44590,12,455,Self-employed,Single,5,4,Business,1
516,56,Male,90316,3563,60,677,Employed,Divorced,0,3,Car,0
517,21,Female,103847,37060,12,736,Employed,Divorced,3,3,Personal,0
518,23,Male,48380,30197,36,506,Self-employed,Married,0,5,Car,1
519,62,Female,130198,4586,60,687,Self-employed,Single,1,0,Home,0
520,49,Female,22356,17087,36,779,Unemployed,Divorced,1,0,Car,0
521,69,Male,90326,49868,48,639,Self-employed,Divorced,0,2,Car,1
522,47,Female,112447,24225,60,639,Unemployed,Divorced,3,2,Car,1
523,64,Male,134994,30750,60,503,Self-employed,Married,0,4,Car,1
524,52,Female,109899,7643,36,460,Employed,Single,4,4,Home,1
525,72,Male,40049,28523,48,839,Self-employed,Divorced,2,1,Business,0
526,57,Male,95717,37727,24,691,Employed,Single,5,1,Education,0
527,69,Female,125361,12005,12,833,Employed,Divorced,4,0,Personal,0
528,33,Male,36082,44543,36,369,Employed,Divorced,2,2,Education,1
529,30,Male,20661,1161,60,704,Unemployed,Single,5,0,Education,1
530,67,Female,57412,17029,12,816,Self-employed,Single,5,0,Personal,0
531,59,Male,134015,15226,12,419,Employed,Single,5,2,Home,1
532,47,Male,143191,29731,12,516,Employed,Married,1,1,Personal,1
533,36,Female,22920,44922,24,355,Unemployed,Divorced,5,5,Home,1
534,34,Female,111194,45848,6,665,Self-employed,Married,3,5,Education,1
535,73,Male,134306,4390,36,803,Self-employed,Single,0,5,Home,1
536,36,Male,80315,6997,6,754,Unemployed,Divorced,3,2,Business,1
537,45,Female,99561,13693,6,403,Unemployed,Married,0,3,Personal,1
538,75,Female,28946,43092,6,376,Self-employed,Divorced,4,3,Business,1
539,72,Male,114242,1541,12,529,Unemployed,Married,4,3,Education,1
540,43,Female,65500,22817,48,557,Self-employed,Single,0,4,Personal,0
541,54,Male,124540,38861,12,563,Self-employed,Married,3,1,Education,1
542,43,Male,36309,14428,12,630,Employed,Divorced,0,1,Business,0
543,70,Male,75230,44934,60,481,Employed,Divorced,5,4,Education,1
544,40,Male,131822,49831,60,849,Self-employed,Divorced,1,0,Personal,0
545,26,Male,118656,11258,6,326,Self-employed,Divorced,4,5,Personal,1
546,29,Female,143782,17044,12,575,Self-employed,Single,1,3,Education,0
547,70,Female,50027,30411,6,598,Self-employed,Married,5,5,Personal,1
548,18,Female,146768,6469,60,390,Self-employed,Single,5,3,Personal,1
549,75,Female,92541,29854,48,779,Self-employed,Single,4,5,Education,1
550,75,Male,132340,7256,36,757,Unemployed,Single,4,0,Business,0
551,18,Male,134846,11720,6,750,Self-employed,Divorced,5,5,Personal,1
552,64,Male,79321,34937,48,664,Unemployed,Divorced,2,5,Personal,1
553,51,Male,20956,34598,36,650,Unemployed,Divorced,1,2,Personal,1
554,49,Female,120375,2651,24,699,Self-employed,Married,1,5,Personal,0
555,71,Male,94131,20194,6,552,Self-employed,Divorced,2,2,Education,1
556,65,Male,67908,26051,6,758,Unemployed,Married,3,1,Business,0
557,42,Female,98339,28386,24,798,Unemployed,Divorced,1,4,Business,1
558,57,Female,145659,10518,24,807,Self-employed,Divorced,0,5,Home,1
559,62,Female,45963,47026,6,603,Self-employed,Single,5,1,Personal,0
560,70,Female,121757,17184,24,800,Unemployed,Single,5,2,Personal,1
561,18,Male,59443,34787,12,465,Unemployed,Single,2,5,Home,1
562,33,Male,119259,22621,36,714,Unemployed,Married,1,5,Business,1
563,56,Female,59063,11028,36,761,Employed,Married,3,0,Car,1
564,22,Male,134225,13448,36,413,Unemployed,Divorced,1,1,Car,1
565,39,Male,136400,46253,12,732,Employed,Married,5,3,Business,0
566,46,Male,100818,35051,24,655,Self-employed,Divorced,4,3,Personal,1
567,72,Female,24703,31447,48,506,Self-employed,Married,0,0,Car,0
568,20,Male,85128,19394,24,534,Unemployed,Married,2,2,Education,1
569,29,Female,92099,35501,6,741,Self-employed,Married,4,3,Education,1
570,43,Male,45849,31254,60,654,Self-employed,Single,3,3,Home,1
571,33,Male,51860,19509,36,814,Self-employed,Married,4,4,Business,0
572,68,Male,51585,49998,24,507,Self-employed,Single,4,1,Business,1
573,54,Female,42015,15472,48,424,Employed,Single,3,2,Car,1
574,39,Male,97539,46657,6,437,Employed,Married,4,5,Personal,1
575,74,Female,63585,4471,12,638,Unemployed,Divorced,2,1,Business,1
576,46,Female,46958,42796,12,836,Unemployed,Divorced,5,2,Car,1
577,31,Female,46017,31268,48,367,Unemployed,Divorced,1,3,Car,1
578,45,Male,96707,9329,6,840,Self-employed,Married,4,4,Business,0
579,22,Male,144677,35865,36,682,Self-employed,Divorced,2,1,Car,1
580,64,Male,65350,47850,24,318,Employed,Single,1,3,Home,1
581,66,Male,32201,47698,6,749,Employed,Divorced,1,2,Home,1
582,47,Female,49426,29272,12,373,Unemployed,Married,4,1,Business,1
583,63,Female,37778,43845,48,575,Employed,Divorced,2,5,Personal,1
584,69,Female,65241,7397,48,347,Employed,Single,5,1,Home,1
585,22,Male,62229,33373,24,510,Employed,Married,4,3,Home,1
586,29,Female,106652,36525,48,839,Employed,Divorced,3,1,Business,1
587,33,Male,148267,25570,48,490,Employed,Married,1,5,Education,1
588,43,Female,138402,19284,6,614,Unemployed,Married,4,4,Car,1
589,43,Male,68364,19994,36,412,Unemployed,Married,1,4,Home,1
590,65,Male,118833,24284,24,469,Employed,Divorced,2,3,Education,1
591,38,Female,146503,18833,6,767,Unemployed,Married,0,2,Personal,1
592,56,Female,149044,26122,36,313,Self-employed,Divorced,4,3,Education,1
593,53,Female,104878,6017,6,587,Employed,Single,5,4,Business,1
594,50,Female,77056,17370,60,488,Self-employed,Divorced,4,0,Personal,1
595,47,Male,47490,30252,6,454,Unemployed,Single,1,0,Personal,1
596,54,Female,147769,8999,48,770,Unemployed,Divorced,2,1,Education,1
597,40,Female,39975,23436,36,374,Self-employed,Married,3,5,Business,1
598,75,Female,46723,43963,24,576,Unemployed,Divorced,5,1,Home,1
599,27,Male,43279,3096,24,642,Employed,Married,2,0,Education,0
600,71,Male,98301,49201,36,724,Self-employed,Single,4,4,Home,0
601,22,Female,132214,26279,48,810,Employed,Divorced,3,1,Education,0
602,53,Male,31561,44363,12,481,Self-employed,Married,2,3,Home,1
603,51,Female,127435,49709,6,757,Unemployed,Single,0,5,Education,1
604,69,Male,86061,27201,48,363,Self-employed,Single,5,3,Personal,1
605,48,Male,108397,20715,60,559,Self-employed,Divorced,1,5,Car,0
606,27,Male,69153,30309,36,492,Employed,Single,2,4,Personal,1
607,75,Male,53142,16078,6,705,Unemployed,Married,2,1,Home,1
608,36,Female,46916,6105,24,392,Employed,Single,0,5,Business,1
609,75,Female,84324,30312,12,729,Unemployed,Single,4,3,Personal,1
610,49,Female,64965,3839,60,733,Employed,Married,5,1,Car,1
611,18,Male,145932,4384,24,703,Self-employed,Single,5,1,Home,1
612,73,Female,24648,44619,36,733,Employed,Single,1,3,Personal,1
613,22,Female,55133,43821,6,411,Unemployed,Single,2,0,Education,1
614,62,Female,70677,14493,36,674,Unemployed,Single,3,5,Business,1
615,21,Male,116059,18069,6,358,Self-employed,Married,2,3,Home,1
616,33,Male,114588,47907,48,342,Unemployed,Single,1,4,Personal,1
617,41,Male,119950,8531,12,506,Employed,Married,2,2,Home,0
618,33,Female,118317,38051,48,595,Self-employed,Single,0,3,Education,1
619,72,Female,90135,8736,48,417,Unemployed,Single,2,1,Car,1
620,19,Female,55046,8710,36,831,Unemployed,Single,2,1,Personal,0
621,66,Male,67064,2619,12,521,Employed,Single,3,3,Home,1
622,45,Male,121459,14975,6,465,Employed,Married,0,2,Home,1
623,49,Female,126625,46603,6,455,Self-employed,Married,0,3,Home,1
624,44,Male,89350,24252,60,483,Unemployed,Married,2,2,Car,1
625,37,Male,65893,16261,24,389,Employed,Divorced,5,2,Home,1
626,41,Male,121520,2431,60,393,Self-employed,Single,3,4,Business,1
627,29,Male,145818,10067,60,312,Unemployed,Single,2,5,Business,1
628,67,Female,81272,38481,6,737,Unemployed,Married,2,1,Home,1
629,52,Male,112152,28037,36,837,Self-employed,Divorced,1,1,Business,0
630,50,Male,142907,10557,48,449,Self-employed,Single,1,2,Personal,1
631,50,Male,87649,10435,48,307,Employed,Married,5,1,Business,1
632,68,Male,84674,38766,48,328,Unemployed,Single,3,0,Home,1
633,60,Female,144132,1162,12,595,Unemployed,Single,4,2,Education,1
634,54,Female,139044,35742,6,639,Unemployed,Married,1,1,Personal,1
635,29,Male,128542,20675,36,738,Self-employed,Married,4,0,Car,0
636,20,Male,33760,9461,12,443,Employed,Single,0,4,Home,0
637,18,Male,41927,18015,24,818,Unemployed,Single,1,1,Car,1
638,50,Male,106475,33591,36,344,Self-employed,Married,1,0,Education,1
639,57,Male,81367,29047,60,538,Unemployed,Single,3,3,Car,1
640,27,Male,117955,35782,36,454,Employed,Single,5,5,Home,1
641,60,Female,32588,10833,36,480,Unemployed,Married,4,3,Home,1
642,61,Male,141750,8896,48,514,Employed,Single,1,0,Education,0
643,46,Female,121678,33972,36,387,Employed,Single,1,2,Home,1
644,30,Female,124734,42800,60,555,Unemployed,Divorced,3,2,Education,1
645,29,Male,138154,31508,60,810,Unemployed,Married,3,1,Education,0
646,48,Female,72233,6347,6,372,Employed,Divorced,5,3,Home,1
647,63,Female,64738,31314,36,478,Self-employed,Divorced,4,2,Business,0
648,19,Female,53397,3643,48,511,Employed,Divorced,0,2,Education,1
649,68,Female,102189,41785,36,533,Unemployed,Single,5,3,Home,1
650,67,Female,96367,19681,24,764,Unemployed,Single,0,4,Business,1
651,52,Female,144873,39328,24,522,Self-employed,Divorced,2,2,Education,1
652,40,Male,91260,16892,48,563,Employed,Divorced,1,5,Business,0
653,34,Female,140585,48299,6,506,Employed,Divorced,4,0,Personal,0
654,43,Female,96619,18073,6,665,Employed,Single,5,1,Personal,0
655,25,Female,131453,37768,60,575,Unemployed,Divorced,1,2,Business,1
656,46,Male,39816,31682,60,679,Employed,Divorced,4,5,Education,1
657,43,Female,62240,33262,12,608,Self-employed,Married,4,5,Home,1
658,27,Male,26276,32358,48,567,Unemployed,Married,4,2,Car,1
659,43,Female,133939,15289,36,363,Unemployed,Single,1,4,Home,1
660,51,Male,124199,8927,48,649,Employed,Married,5,0,Car,1
661,68,Male,99530,49330,12,793,Self-employed,Married,3,1,Car,1
662,58,Female,43499,2171,60,822,Unemployed,Married,1,2,Education,1
663,24,Female,108576,12918,48,397,Unemployed,Single,4,1,Business,1
664,21,Male,128856,42903,48,370,Employed,Married,5,3,Home,1
665,75,Female,102495,40110,60,663,Employed,Single,2,5,Business,1
666,70,Male,141717,12929,12,575,Self-employed,Divorced,0,5,Personal,1
667,67,Male,91635,3539,60,349,Employed,Married,4,2,Education,1
668,62,Male,127803,37727,6,657,Self-employed,Single,2,2,Education,0
669,28,Male,105112,46951,36,784,Unemployed,Married,3,3,Personal,0
670,46,Male,55946,23669,60,383,Self-employed,Divorced,4,4,Home,1
671,73,Female,75204,6432,12,595,Self-employed,Single,2,2,Personal,0
672,53,Male,71886,21644,24,535,Self-employed,Single,4,5,Home,0
673,42,Male,91652,19745,6,355,Unemployed,Single,1,1,Car,1
674,38,Female,35563,29228,24,659,Employed,Divorced,5,0,Education,1
675,74,Male,112324,35521,60,409,Unemployed,Divorced,2,1,Home,1
676,53,Female,112464,32703,6,491,Employed,Divorced,5,4,Business,1
677,27,Female,121872,27928,36,392,Self-employed,Single,1,0,Business,0
678,54,Female,29847,19322,60,359,Self-employed,Divorced,1,1,Education,1
679,26,Male,46155,23360,36,338,Self-employed,Married,5,1,Personal,1
680,41,Male,99671,30055,48,839,Self-employed,Divorced,2,3,Personal,0
681,52,Male,136891,43891,24,348,Self-employed,Single,5,4,Home,1
682,66,Female,103310,17376,6,719,Employed,Married,5,5,Personal,0
683,52,Male,87278,7588,36,312,Employed,Divorced,0,3,Education,1
684,65,Female,38309,26000,12,335,Self-employed,Married,2,0,Home,1
685,53,Male,20619,7304,36,400,Unemployed,Married,0,5,Car,1
686,35,Female,103194,8345,12,385,Unemployed,Single,4,3,Personal,1
687,66,Male,70108,30300,60,815,Self-employed,Married,5,4,Personal,0
688,56,Male,54707,25259,6,522,Employed,Married,4,2,Home,1
689,49,Male,40337,26470,36,637,Unemployed,Single,2,2,Business,0
690,41,Female,145261,24017,36,465,Unemployed,Single,5,0,Personal,1
691,40,Female,101537,16352,6,682,Unemployed,Single,4,2,Education,1
692,49,Male,86504,34365,36,675,Self-employed,Married,3,3,Personal,1
693,54,Male,67614,20446,12,770,Unemployed,Married,1,0,Car,1
694,29,Female,111428,3336,36,330,Unemployed,Married,5,5,Personal,1
695,66,Female,111155,10879,24,674,Unemployed,Single,1,4,Business,1
696,72,Female,20281,33316,60,310,Unemployed,Divorced,0,0,Personal,1
697,30,Male,47420,34340,48,601,Employed,Married,4,5,Home,1
698,40,Female,100896,8521,12,395,Self-employed,Divorced,0,0,Personal,1
699,42,Male,59030,7171,24,489,Self-employed,Single,5,1,Business,1
700,52,Female,21058,24481,60,752,Employed,Married,1,1,Home,0
701,58,Male,106213,19474,6,491,Employed,Divorced,1,0,Education,0
702,47,Female,96260,47760,12,785,Self-employed,Married,4,2,Home,0
703,34,Female,48404,45629,48,565,Unemployed,Married,5,1,Car,1
704,66,Female,123482,46232,60,723,Unemployed,Married,3,4,Home,1
705,37,Female,125284,22008,48,427,Self-employed,Divorced,3,5,Education,1
706,65,Female,49856,2633,6,537,Unemployed,Single,4,3,Personal,1
707,42,Male,29200,13485,6,654,Employed,Married,5,1,Home,1
708,39,Female,84178,44617,12,411,Unemployed,Single,4,0,Home,1
709,30,Female,53997,4648,36,745,Unemployed,Single,5,2,Home,0
710,36,Female,45611,48945,6,642,Unemployed,Divorced,0,3,Home,1
711,66,Male,139273,14140,60,444,Self-employed,Divorced,4,5,Education,1
712,53,Female,61235,18921,36,364,Employed,Single,5,5,Business,1
713,29,Male,137428,15357,24,546,Unemployed,Married,3,1,Business,1
714,58,Female,55057,47136,48,789,Self-employed,Divorced,5,5,Home,0
715,36,Female,21239,4137,36,738,Unemployed,Married,5,5,Education,1
716,29,Male,123674,1097,48,405,Employed,Married,4,2,Education,1
717,26,Female,134474,12407,36,480,Unemployed,Married,0,2,Home,1
718,24,Male,85661,31575,24,483,Employed,Single,0,2,Car,1
719,45,Male,146945,13722,6,525,Unemployed,Married,0,0,Home,1
720,31,Female,65272,13924,24,388,Employed,Single,0,5,Car,1
721,48,Male,109393,4750,6,829,Unemployed,Single,2,5,Home,0
722,69,Female,81212,28733,6,670,Employed,Married,4,5,Car,1
723,36,Female,144088,9535,48,698,Unemployed,Married,1,4,Car,1
724,75,Male,35398,25487,60,405,Unemployed,Married,4,2,Home,1
725,64,Male,140030,31651,24,570,Self-employed,Married,2,3,Car,1
726,33,Male,76503,5666,36,802,Self-employed,Single,0,1,Personal,0
727,70,Male,26638,49777,24,824,Employed,Married,2,3,Business,0
728,22,Female,26570,17994,48,331,Unemployed,Married,3,0,Education,1
729,52,Female,88785,2727,6,692,Employed,Single,3,0,Car,0
730,29,Male,29110,35622,48,339,Self-employed,Divorced,4,5,Car,1
731,42,Female,125899,11800,12,517,Employed,Divorced,4,3,Education,0
732,69,Female,99141,38823,12,381,Employed,Single,1,5,Car,1
733,38,Female,32115,44039,36,500,Self-employed,Divorced,1,4,Education,1
734,53,Female,59062,19708,48,746,Unemployed,Single,3,0,Home,1
735,70,Male,42911,13819,36,727,Employed,Married,0,0,Personal,0
736,40,Male,124061,10369,36,337,Self-employed,Married,2,3,Personal,1
737,33,Female,52556,10283,12,510,Unemployed,Divorced,1,0,Business,1
738,74,Male,98131,31573,36,743,Self-employed,Married,5,4,Car,1
739,56,Male,148335,14171,12,626,Employed,Divorced,1,4,Business,0
740,62,Male,21969,31933,6,526,Unemployed,Divorced,0,4,Home,1
741,70,Female,63753,6774,48,347,Unemployed,Married,0,1,Personal,1
742,59,Female,102811,7519,36,317,Self-employed,Married,4,4,Home,1
743,75,Female,24470,11983,12,738,Self-employed,Divorced,2,4,Home,1
744,56,Male,141863,31932,24,486,Self-employed,Married,0,1,Car,1
745,31,Female,30225,31798,36,644,Unemployed,Single,1,5,Home,1
746,48,Female,127860,19133,60,523,Unemployed,Married,1,2,Personal,1
747,75,Male,143008,15939,6,787,Employed,Married,3,0,Business,0
748,22,Female,127510,1781,6,528,Unemployed,Single,0,4,Personal,1
749,52,Female,128295,28624,24,689,Employed,Married,5,0,Car,1
750,40,Male,43196,7823,12,487,Self-employed,Married,4,3,Personal,0
751,46,Male,125823,19489,36,569,Self-employed,Divorced,2,0,Education,1
752,60,Male,33669,40961,12,609,Unemployed,Married,5,5,Business,1
753,28,Female,57380,30118,6,431,Self-employed,Married,4,1,Education,1
754,35,Female,144398,35881,12,850,Self-employed,Single,1,0,Education,0
755,64,Female,130677,17280,6,371,Unemployed,Divorced,5,0,Car,1
756,29,Male,135886,23263,12,486,Employed,Divorced,4,0,Home,0
757,26,Male,146753,14565,24,785,Unemployed,Divorced,1,2,Education,0
758,27,Female,68320,21354,48,490,Employed,Married,1,2,Personal,1
759,75,Female,67414,43951,24,721,Unemployed,Divorced,1,3,Home,1
760,61,Male,123542,26643,24,419,Unemployed,Single,1,1,Personal,1
761,34,Male,35577,24648,48,519,Self-employed,Divorced,1,0,Personal,1
762,55,Male,145354,42971,48,352,Unemployed,Single,3,0,Home,1
763,24,Male,108009,19658,36,750,Unemployed,Divorced,5,0,Home,0
764,63,Female,146365,22253,36,711,Employed,Divorced,4,0,Personal,0
765,30,Male,75409,49563,24,536,Self-employed,Single,3,2,Car,1
766,57,Female,48625,27390,24,705,Employed,Divorced,3,5,Business,0
767,59,Female,101040,24128,6,721,Employed,Divorced,0,5,Business,0
768,26,Female,44089,14489,6,546,Self-employed,Divorced,0,3,Car,1
769,67,Male,56487,39314,36,371,Self-employed,Married,0,4,Home,1
770,44,Male,85838,33658,60,484,Self-employed,Single,2,1,Personal,1
771,75,Male,116999,7852,60,305,Unemployed,Divorced,0,5,Business,1
772,19,Male,130448,30450,36,505,Self-employed,Single,4,0,Personal,1
773,22,Female,114795,3551,6,843,Self-employed,Single,3,5,Car,0
774,46,Male,70138,7411,6,686,Self-employed,Single,4,3,Personal,1
775,54,Male,62823,34243,60,375,Employed,Divorced,5,4,Car,1
776,55,Female,57208,22800,12,476,Employed,Divorced,0,5,Home,1
777,36,Male,74061,11403,12,648,Unemployed,Single,2,3,Car,1
778,25,Female,50659,8239,6,554,Employed,Married,5,2,Car,0
779,65,Female,149824,7710,12,607,Unemployed,Single,2,4,Business,1
780,62,Female,121376,22384,48,644,Employed,Married,5,3,Personal,1
781,18,Female,51890,22038,36,426,Self-employed,Single,3,5,Business,1
782,39,Female,99134,41846,36,586,Employed,Single,4,2,Education,0
783,69,Female,67055,23447,6,786,Unemployed,Single,1,3,Car,1
784,34,Female,132269,3285,24,682,Employed,Divorced,4,3,Education,0
785,24,Female,39508,38991,60,705,Self-employed,Married,0,5,Business,1
786,42,Male,62287,14521,6,687,Unemployed,Married,1,4,Personal,1
787,62,Male,98916,48657,12,824,Self-employed,Single,2,2,Business,0
788,21,Male,46984,7971,60,575,Self-employed,Divorced,3,0,Personal,1
789,53,Male,130169,30139,24,799,Unemployed,Divorced,3,1,Personal,1
790,23,Female,28125,20909,12,636,Self-employed,Married,2,4,Home,1
791,48,Male,56059,12531,48,780,Self-employed,Divorced,0,2,Car,1
792,36,Female,89569,15721,12,572,Employed,Married,2,3,Business,1
793,61,Male,123409,20206,48,357,Self-employed,Married,5,2,Personal,1
794,71,Male,37087,38711,60,627,Self-employed,Married,0,1,Business,0
795,56,Male,126437,7530,48,408,Self-employed,Divorced,1,5,Business,1
796,44,Female,135262,12116,60,578,Self-employed,Married,2,1,Personal,0
797,27,Male,25704,1258,60,627,Unemployed,Married,0,0,Education,0
798,43,Female,80576,1282,60,614,Employed,Single,1,0,Car,1
799,36,Female,93384,14937,60,773,Self-employed,Married,2,1,Car,0
800,56,Male,107128,2898,60,410,Self-employed,Married,3,4,Home,1
801,20,Male,131279,5135,12,528,Unemployed,Single,2,4,Home,1
802,62,Male,92460,7629,60,796,Self-employed,Single,4,3,Home,1
803,30,Female,47208,44936,12,455,Unemployed,Divorced,2,0,Car,1
804,67,Male,138516,20584,60,772,Employed,Married,4,3,Education,0
805,45,Female,149612,24551,48,571,Employed,Divorced,1,0,Car,1
806,75,Female,105150,34380,60,301,Self-employed,Divorced,2,1,Car,1
807,37,Male,86024,47971,24,810,Self-employed,Single,1,4,Car,0
808,45,Male,59882,18071,60,585,Self-employed,Divorced,1,4,Car,1
809,25,Female,45923,21074,60,312,Unemployed,Married,0,1,Education,1
810,58,Female,146561,26188,48,797,Self-employed,Single,1,3,Home,1
811,56,Female,134044,3307,36,537,Self-employed,Married,1,3,Business,1
812,18,Male,121477,40901,48,393,Employed,Married,2,2,Home,1
813,20,Female,49165,12205,24,637,Self-employed,Single,2,0,Home,0
814,30,Male,87203,6906,36,470,Employed,Married,3,3,Business,1
815,45,Female,111749,3591,6,766,Self-employed,Single,0,1,Car,1
816,74,Female,24114,16149,6,442,Employed,Married,1,3,Education,1
817,66,Male,84965,45918,24,500,Self-employed,Single,0,4,Education,1
818,42,Female,56321,40951,48,479,Employed,Divorced,4,0,Home,0
819,73,Male,93297,26150,12,663,Unemployed,Married,1,5,Business,1
820,50,Male,116652,32852,24,778,Employed,Single,0,2,Personal,1
821,55,Female,119304,43870,36,770,Employed,Married,3,0,Car,0
822,70,Male,133942,2283,36,683,Employed,Married,3,4,Home,0
823,23,Male,45426,34691,60,716,Self-employed,Married,1,4,Education,0
824,75,Female,37772,2125,6,607,Self-employed,Single,4,4,Business,0
825,61,Male,123754,2529,36,666,Self-employed,Divorced,3,4,Business,0
826,62,Male,23712,27170,24,300,Unemployed,Divorced,3,1,Home,1
827,49,Male,21367,9438,36,343,Unemployed,Divorced,4,2,Personal,1
828,62,Female,126493,21095,24,397,Employed,Single,0,5,Education,1
829,64,Male,127317,17154,12,564,Unemployed,Divorced,3,4,Home,1
830,38,Female,135142,9004,60,439,Employed,Single,2,4,Personal,1
831,33,Female,111736,10752,6,780,Employed,Married,5,3,Business,0
832,71,Male,71924,44360,36,536,Employed,Married,5,2,Car,1
833,38,Male,23726,27819,24,371,Unemployed,Divorced,3,0,Education,1
834,28,Male,109152,37632,48,489,Self-employed,Single,0,2,Education,1
835,54,Female,47723,27515,6,567,Unemployed,Married,0,2,Personal,1
836,53,Male,146969,25217,12,620,Employed,Single,1,5,Home,1
837,52,Male,123110,24172,24,406,Employed,Single,2,2,Business,0
838,36,Male,120494,33994,60,531,Unemployed,Married,0,5,Personal,1
839,37,Male,29108,16036,60,341,Employed,Single,4,4,Car,1
840,74,Male,97714,12739,12,438,Employed,Married,2,4,Car,1
841,35,Female,55643,33220,12,572,Unemployed,Married,5,1,Car,1
842,64,Female,51324,10587,60,780,Unemployed,Married,2,5,Personal,0
843,58,Male,123896,45517,36,715,Unemployed,Single,4,5,Business,1
844,66,Male,103360,31129,36,805,Employed,Married,3,0,Education,0
845,31,Male,130896,1645,24,723,Employed,Single,4,3,Home,0
846,32,Male,28927,31930,48,706,Self-employed,Married,4,2,Education,0
847,48,Female,113680,17299,24,689,Self-employed,Married,3,0,Business,0
848,18,Male,116546,31090,48,641,Unemployed,Divorced,3,5,Education,1
849,70,Female,42443,22953,12,792,Self-employed,Divorced,3,0,Personal,0
850,71,Female,99973,47443,6,491,Employed,Divorced,3,1,Car,1
851,71,Male,83449,27475,24,798,Self-employed,Single,3,3,Business,0
852,20,Female,129834,19888,24,532,Employed,Single,4,5,Business,1
853,33,Female,125314,44732,48,526,Unemployed,Married,1,5,Education,1
854,40,Female,96743,17087,12,670,Unemployed,Married,1,2,Personal,0
855,74,Female,141805,47305,12,438,Employed,Married,0,3,Education,1
856,28,Male,80233,47037,48,448,Self-employed,Married,1,1,Education,1
857,29,Male,45537,10346,12,414,Unemployed,Single,5,4,Business,1
858,27,Female,121293,1587,60,749,Unemployed,Married,1,0,Education,1
859,49,Male,97576,13763,36,362,Self-employed,Married,4,2,Car,1
860,33,Male,127522,42945,60,403,Self-employed,Divorced,3,5,Education,1
861,25,Male,42612,5079,6,572,Employed,Married,3,4,Car,1
862,55,Male,113977,37116,24,305,Self-employed,Married,4,1,Business,1
863,29,Male,26471,21215,6,446,Self-employed,Married,5,3,Personal,1
864,41,Female,55631,26817,24,483,Self-employed,Single,1,0,Car,1
865,45,Male,148449,25765,36,327,Employed,Divorced,4,2,Personal,1
866,70,Male,128997,31112,12,849,Employed,Married,0,5,Personal,0
867,25,Male,112059,26556,60,418,Unemployed,Married,3,5,Car,1
868,75,Male,51348,19099,48,592,Employed,Divorced,2,4,Business,1
869,45,Female,84732,44553,60,670,Unemployed,Married,0,4,Home,1
870,53,Female,21177,46096,36,543,Self-employed,Single,5,0,Personal,1
871,43,Female,24760,7450,6,517,Unemployed,Married,0,3,Personal,1
872,25,Female,52779,14230,48,476,Unemployed,Single,4,1,Business,1
873,75,Male,41636,30009,12,598,Self-employed,Single,1,3,Business,1
874,67,Female,101889,6433,36,357,Unemployed,Married,3,3,Education,1
875,45,Male,73551,34866,48,568,Employed,Divorced,5,3,Business,1
876,45,Male,31556,40864,36,607,Employed,Single,5,0,Personal,1
877,54,Male,47598,19710,36,587,Employed,Divorced,2,0,Car,0
878,58,Male,31563,12439,12,404,Employed,Married,0,1,Home,0
879,53,Male,66819,42855,24,527,Unemployed,Single,2,3,Education,1
880,44,Female,129326,17021,48,546,Unemployed,Married,1,0,Car,1
881,71,Female,93770,7416,12,793,Self-employed,Divorced,1,1,Home,0
882,34,Female,111055,7980,36,382,Unemployed,Married,2,5,Home,1
883,26,Female,46966,19058,12,485,Unemployed,Married,3,1,Home,1
884,50,Male,140133,12101,24,551,Unemployed,Single,1,3,Car,1
885,70,Female,101709,41718,60,654,Self-employed,Married,2,2,Education,1
886,37,Male,79889,33602,48,509,Employed,Married,0,3,Education,1
887,30,Female,46987,10122,24,746,Unemployed,Married,2,2,Home,1
888,45,Male,98714,13576,6,759,Self-employed,Single,2,1,Car,0
889,65,Male,124874,28516,48,771,Self-employed,Divorced,4,5,Home,0
890,46,Female,78348,23433,24,669,Self-employed,Divorced,1,5,Business,0
891,30,Male,44596,2089,36,791,Employed,Married,3,0,Education,0
892,63,Male,53174,38346,48,436,Unemployed,Single,3,5,Personal,1
893,52,Female,84106,10127,48,666,Self-employed,Married,4,4,Home,1
894,23,Male,127510,11487,12,483,Employed,Divorced,5,1,Business,0
895,35,Female,89967,1155,36,586,Self-employed,Single,3,0,Education,0
896,68,Female,79182,2958,6,771,Self-employed,Divorced,2,5,Car,0
897,22,Female,113300,11693,60,674,Self-employed,Divorced,4,1,Education,0
898,64,Male,107163,40112,24,836,Self-employed,Single,0,3,Car,0
899,42,Male,59310,39547,12,810,Self-employed,Single,1,5,Car,0
900,19,Male,76088,29795,24,549,Employed,Married,1,2,Home,1
901,27,Female,148803,22447,6,809,Unemployed,Married,1,1,Home,1
902,73,Male,28906,37598,6,372,Unemployed,Divorced,2,0,Education,1
903,47,Female,56914,42814,48,581,Unemployed,Single,0,3,Business,1
904,67,Female,130350,26215,6,659,Unemployed,Single,4,4,Education,1
905,62,Male,65379,10794,24,309,Employed,Married,4,3,Personal,1
906,22,Female,98612,34209,36,510,Employed,Divorced,1,5,Car,1
907,72,Male,134828,23424,36,451,Employed,Divorced,0,2,Car,1
908,73,Male,147445,48246,48,304,Self-employed,Married,0,3,Home,1
909,50,Male,57650,38396,60,494,Self-employed,Single,0,4,Business,1
910,71,Male,66881,7370,24,582,Self-employed,Married,3,0,Home,1
911,18,Male,66413,10528,24,763,Unemployed,Married,3,1,Personal,0
912,35,Female,26012,29276,6,412,Self-employed,Married,1,2,Education,1
913,49,Female,70115,45333,24,570,Unemployed,Married,0,4,Education,1
914,64,Female,27151,9179,12,462,Self-employed,Single,5,5,Business,1
915,66,Male,77716,49781,60,759,Unemployed,Married,0,5,Home,1
916,28,Male,113747,17843,6,404,Self-employed,Single,4,5,Home,1
917,38,Male,112653,24952,12,581,Self-employed,Married,4,2,Personal,1
918,43,Female,56378,34160,48,461,Employed,Divorced,1,3,Education,1
919,42,Male,62652,45898,36,650,Self-employed,Single,5,2,Home,0
920,39,Female,92430,30516,48,733,Self-employed,Divorced,0,5,Business,1
921,44,Female,33467,11449,36,439,Employed,Married,5,4,Education,0
922,66,Male,51010,22125,48,770,Unemployed,Married,1,1,Personal,1
923,30,Male,148647,8418,24,431,Employed,Married,4,1,Business,0
924,50,Female,141999,23746,12,386,Employed,Single,4,2,Car,1
925,51,Male,134793,3454,36,482,Unemployed,Divorced,3,5,Personal,1
926,58,Female,74691,18761,6,667,Self-employed,Single,1,0,Business,1
927,52,Male,84157,16223,12,428,Unemployed,Single,1,2,Home,1
928,18,Male,128177,7701,6,545,Self-employed,Married,0,5,Car,1
929,38,Female,32289,3597,12,677,Self-employed,Divorced,0,3,Personal,0
930,65,Male,64976,1141,12,448,Unemployed,Married,3,1,Home,1
931,72,Female,63596,3659,48,732,Employed,Single,2,1,Car,0
932,23,Male,43171,21980,36,768,Unemployed,Married,5,1,Education,0
933,45,Female,120441,10031,36,745,Self-employed,Divorced,2,0,Home,0
934,34,Female,146296,16037,12,780,Unemployed,Married,2,5,Business,0
935,22,Male,106365,47738,24,593,Unemployed,Divorced,1,5,Personal,1
936,48,Female,138218,39429,24,442,Self-employed,Divorced,5,5,Car,1
937,22,Male,119590,7142,6,549,Employed,Married,1,5,Home,1
938,55,Male,134014,13109,6,601,Unemployed,Single,5,0,Education,1
939,20,Male,64139,23010,48,324,Self-employed,Married,4,4,Personal,1
940,70,Female,68713,9787,12,369,Self-employed,Single,1,2,Personal,1
941,40,Female,49734,43864,6,411,Unemployed,Single,1,2,Home,1
942,54,Male,92588,9472,6,663,Employed,Married,1,5,Education,0
943,70,Male,83646,24383,60,602,Unemployed,Single,3,3,Car,1
944,54,Female,23654,5249,12,770,Employed,Single,1,1,Home,0
945,27,Male,109022,48717,48,390,Employed,Married,0,0,Car,1
946,27,Male,38743,35518,6,829,Employed,Married,0,3,Personal,0
947,36,Female,68368,19351,48,491,Employed,Married,5,3,Car,1
948,34,Male,110025,5088,36,541,Unemployed,Single,4,5,Education,1
949,38,Female,94172,16282,48,437,Self-employed,Divorced,3,0,Business,1
950,31,Male,26441,20330,24,644,Self-employed,Single,5,2,Education,1
951,26,Female,139735,43409,24,479,Self-employed,Divorced,0,1,Car,1
952,63,Male,44611,22778,48,802,Self-employed,Married,3,2,Home,0
953,18,Male,139891,25264,24,502,Self-employed,Divorced,3,3,Personal,1
954,68,Female,127971,6075,36,491,Self-employed,Married,4,1,Business,1
955,62,Male,32149,11412,12,304,Unemployed,Married,3,4,Home,1
956,30,Female,120102,49454,24,536,Employed,Divorced,1,3,Home,1
957,21,Male,79189,29365,24,610,Self-employed,Married,3,2,Education,0
958,18,Female,127904,8230,48,848,Unemployed,Divorced,4,2,Car,0
959,66,Female,41675,49200,36,355,Self-employed,Married,5,5,Education,1
960,57,Female,91031,12002,12,742,Self-employed,Single,4,2,Car,0
961,49,Female,62668,14947,48,536,Employed,Single,4,0,Education,0
962,51,Male,33673,14686,48,496,Employed,Married,0,3,Home,1
963,45,Male,149582,30304,60,813,Employed,Married,1,1,Personal,0
964,48,Female,96666,14074,36,748,Self-employed,Divorced,0,2,Car,1
965,25,Female,108204,5493,12,659,Self-employed,Single,5,5,Business,0
966,56,Female,100758,35228,36,329,Self-employed,Divorced,2,5,Business,1
967,43,Male,85429,15140,12,407,Employed,Married,5,2,Home,1
968,75,Male,43669,32655,36,744,Unemployed,Married,1,0,Education,1
969,51,Male,54068,44472,48,737,Self-employed,Divorced,3,5,Education,0
970,71,Male,108789,7816,48,756,Self-employed,Married,4,1,Home,0
971,71,Female,29435,12639,6,794,Self-employed,Single,2,3,Business,0
972,20,Female,114088,48192,24,546,Unemployed,Divorced,1,4,Business,1
973,67,Female,72249,47733,60,842,Self-employed,Single,0,0,Education,0
974,29,Male,57384,30492,36,738,Unemployed,Single,4,5,Car,1
975,18,Male,148782,12240,60,577,Self-employed,Single,5,3,Personal,1
976,71,Male,101929,33698,6,410,Unemployed,Divorced,0,4,Car,1
977,61,Female,147959,27957,24,684,Self-employed,Married,1,2,Business,0
978,22,Female,96153,33808,36,490,Employed,Single,1,2,Car,1
979,47,Male,124056,6827,12,789,Employed,Single,5,1,Personal,0
980,47,Female,95388,33762,24,725,Employed,Single,2,4,Car,0
981,74,Male,51401,9259,48,704,Employed,Married,5,2,Car,0
982,34,Male,145511,15849,6,634,Self-employed,Married,3,2,Car,1
983,65,Female,91831,17232,24,508,Employed,Divorced,0,5,Car,1
984,64,Male,139503,41572,24,321,Unemployed,Married,2,1,Home,1
985,40,Female,135760,25173,48,507,Employed,Divorced,4,3,Business,1
986,32,Male,121529,6374,36,307,Employed,Divorced,3,2,Personal,1
987,54,Female,147834,22174,12,828,Employed,Divorced,2,0,Business,0
988,38,Female,54084,24567,48,465,Self-employed,Divorced,0,0,Home,0
989,31,Female,140387,36292,12,795,Employed,Divorced,1,3,Home,1
990,19,Male,130641,10277,36,728,Unemployed,Single,4,4,Home,1
991,28,Male,125111,32600,24,462,Employed,Married,5,1,Home,1
992,68,Female,75826,10885,12,665,Employed,Single,0,5,Car,1
993,56,Female,56451,1778,6,825,Employed,Divorced,3,0,Business,0
994,55,Male,27227,30165,6,538,Unemployed,Married,3,0,Education,1
995,51,Male,51910,2492,48,371,Employed,Single,1,3,Personal,1
996,55,Male,56041,31462,36,744,Unemployed,Single,1,4,Home,1
997,67,Female,108920,14615,48,808,Unemployed,Divorced,4,4,Business,0
998,51,Male,85681,45900,48,568,Employed,Single,5,3,Home,1
999,35,Male,123314,43946,60,714,Unemployed,Single,4,0,Home,0
1000,47,Female,101571,8851,48,544,Self-employed,Single,1,1,Home,1
